"","model","split","auc_train","auc_test"
"1","gbm",1,0.609638370765131,0.558333333333333
"2","gbm",2,0.607632894139028,0.4525
"3","gbm",3,0.590352869907618,0.71
"4","gbm",4,0.603134938664244,0.5275
"5","gbm",5,0.589156444040588,0.6025
"6","gbm",6,0.612617673853629,0.394383394383394
"7","gbm",7,0.604145156392347,0.528693528693529
"8","gbm",8,0.586046158518069,0.682539682539683
"9","gbm",9,0.610127543273611,0.492063492063492
"10","gbm",10,0.617051320983905,0.444444444444444
