"","model","split","auc_train","auc_test"
"1","logreg",1,1,0.958333333333333
"2","logreg",2,1,0.961640211640212
"3","logreg",3,1,0.960978835978836
"4","logreg",4,1,0.9755291005291
"5","logreg",5,1,0.970899470899471
"6","logreg",6,1,0.972222222222222
"7","logreg",7,1,0.894179894179894
"8","logreg",8,1,0.917532467532468
"9","logreg",9,1,0.924675324675325
"10","logreg",10,1,1
