"","model","split","auc_train","auc_test"
"1","logreg",1,0.932807807807808,0.7
"2","logreg",2,0.910821535821536,0.96
"3","logreg",3,0.928249678249678,0.7
"4","logreg",4,0.91977691977692,0.805
"5","logreg",5,0.917895313784599,0.881632653061225
"6","logreg",6,0.917292408879145,0.885714285714286
"7","logreg",7,0.920745409701288,0.861224489795918
"8","logreg",8,0.906275691970403,1
"9","logreg",9,0.915648122773363,0.889795918367347
"10","logreg",10,0.928473554398465,0.836734693877551
