"","model","split","auc_train","auc_test"
"1","logreg",1,1,0.963354474982382
"2","logreg",2,1,0.919191919191919
"3","logreg",3,1,0.925358233497768
"4","logreg",4,1,0.971811134601832
"5","logreg",5,1,0.973279304674654
"6","logreg",6,1,0.954839088560019
"7","logreg",7,1,0.972196585140748
"8","logreg",8,1,0.944398536182269
"9","logreg",9,1,0.96989729665919
"10","logreg",10,1,0.970664620469838
