"","model","split","auc_train","auc_test"
"1","safe_logreg_svm",1,1,0.53094674556213
"2","safe_logreg_svm",2,1,0.556834319526627
"3","safe_logreg_svm",3,1,0.548402366863905
"4","safe_logreg_svm",4,1,0.53792899408284
"5","safe_logreg_svm",5,1,0.536686390532544
"6","safe_logreg_svm",6,1,0.522396449704142
"7","safe_logreg_svm",7,1,0.519467455621302
"8","safe_logreg_svm",8,1,0.527781065088757
"9","safe_logreg_svm",9,1,0.551627218934911
"10","safe_logreg_svm",10,1,0.510591715976331
