"","model","split","auc_train","auc_test"
"1","gbm",1,0.971954096954097,0.645
"2","gbm",2,0.964446589446589,0.92
"3","gbm",3,0.962730587730588,0.535
"4","gbm",4,0.96031746031746,0.88
"5","gbm",5,0.95330227459578,0.877551020408163
"6","gbm",6,0.961962181419567,0.885714285714286
"7","gbm",7,0.95511098931214,0.681632653061224
"8","gbm",8,0.946231844340915,0.987755102040816
"9","gbm",9,0.950123321457934,0.869387755102041
"10","gbm",10,0.966675801589477,0.759183673469388
