"","model","split","auc_train","auc_test"
"1","gbm",1,0.998972451925429,0.998677248677249
"2","gbm",2,0.999135554794409,0.998677248677249
"3","gbm",3,0.999461760532368,0.957671957671958
"4","gbm",4,0.99753714667841,0.992063492063492
"5","gbm",5,0.998336350736409,1
"6","gbm",6,0.999021382786123,1
"7","gbm",7,0.999217106228899,0.990740740740741
"8","gbm",8,0.998872180451128,0.988311688311688
"9","gbm",9,0.99908466819222,0.993506493506493
"10","gbm",10,0.998390296250528,1
