"","model","split","auc_train","auc_test"
"1","gbm",1,0.776192,0.6875
"2","gbm",2,0.774432,0.707908163265306
"3","gbm",3,0.78968,0.614795918367347
"4","gbm",4,0.789696,0.641581632653061
"5","gbm",5,0.778736,0.75765306122449
"6","gbm",6,0.791328,0.704081632653061
"7","gbm",7,0.783872509960159,0.707671957671958
"8","gbm",8,0.786725099601594,0.726190476190476
"9","gbm",9,0.765322709163347,0.853174603174603
"10","gbm",10,0.756414342629482,0.654761904761905
