"","model","split","auc_train","auc_test"
"1","gbm",1,0.98668034442093,0.96551724137931
"2","gbm",2,0.985315261465889,1
"3","gbm",3,0.985331416293759,1
"4","gbm",4,0.985541429056073,1
"5","gbm",5,0.985717734148696,1
"6","gbm",6,0.985363694882523,1
"7","gbm",7,0.986140604890605,1
"8","gbm",8,0.988787001287001,0.941644562334218
"9","gbm",9,0.990797940797941,0.940318302387268
"10","gbm",10,0.985585585585586,1
