"","model","split","auc_train","auc_test"
"1","gbmtuned",1,1,0.991425886774724
"2","gbmtuned",2,0.999897081163824,0.940568475452196
"3","gbmtuned",3,0.999610068071388,0.970166784120272
"4","gbmtuned",4,1,0.986375381724219
"5","gbmtuned",5,1,0.98989898989899
"6","gbmtuned",6,1,0.997063659854358
"7","gbmtuned",7,1,0.99803876326719
"8","gbmtuned",8,1,0.969779246842167
"9","gbmtuned",9,1,0.995278007319089
"10","gbmtuned",10,1,0.996812654940385
