"","model","split","auc_train","auc_test"
"1","gbm",1,0.608298439284355,0.539285714285714
"2","gbm",2,0.610358927760109,0.475
"3","gbm",3,0.592685143116765,0.725
"4","gbm",4,0.604513100106012,0.51625
"5","gbm",5,0.594623655913978,0.63625
"6","gbm",6,0.620163984208928,0.38949938949939
"7","gbm",7,0.605314303067112,0.511599511599512
"8","gbm",8,0.590343152140905,0.677655677655678
"9","gbm",9,0.610036440935317,0.492063492063492
"10","gbm",10,0.614211964773762,0.467643467643468
