"","model","split","auc_train","auc_test"
"1","gbm",1,0.999787270817545,1
"2","gbm",2,0.999821839309694,1
"3","gbm",3,0.999843340927316,1
"4","gbm",4,0.999795546633954,0.999784296807593
"5","gbm",5,0.999782270441354,1
"6","gbm",6,0.999787580918394,1
"7","gbm",7,0.999822099019155,1
"8","gbm",8,0.999816788542115,1
"9","gbm",9,0.999856617119916,0.998921484037964
"10","gbm",10,0.999814133303595,1
