"","model","split","auc_train","auc_test"
"1","logreg",1,0.781744,0.67984693877551
"2","logreg",2,0.774576,0.705357142857143
"3","logreg",3,0.797728,0.594387755102041
"4","logreg",4,0.788704,0.63265306122449
"5","logreg",5,0.777968,0.752551020408163
"6","logreg",6,0.790256,0.709183673469388
"7","logreg",7,0.781784860557769,0.69047619047619
"8","logreg",8,0.781243027888446,0.707671957671958
"9","logreg",9,0.765163346613546,0.849206349206349
"10","logreg",10,0.767219123505976,0.648148148148148
