"","model","split","auc_train","auc_test"
"1","gbm",1,1,0.81087187666135
"2","gbm",2,1,0.787912014885699
"3","gbm",3,1,0.794690324295587
"4","gbm",4,1,0.798411749069644
"5","gbm",5,1,0.80867889420521
"6","gbm",6,1,0.831472249916916
"7","gbm",7,1,0.785526753074111
"8","gbm",8,1,0.772549019607843
"9","gbm",9,1,0.75783756684492
"10","gbm",10,1,0.788887032085561
