"","model","split","auc_train","auc_test"
"1","svm",1,0.899642177388656,0.689285714285714
"2","svm",2,0.90093896713615,0.57875
"3","svm",3,0.910192336816599,0.68625
"4","svm",4,0.899651673481751,0.635
"5","svm",5,0.902256550053006,0.6925
"6","svm",6,0.89781354388096,0.597069597069597
"7","svm",7,0.892772547828728,0.628815628815629
"8","svm",8,0.913073185545096,0.753357753357753
"9","svm",9,0.902793805040996,0.661782661782662
"10","svm",10,0.881809899787428,0.566544566544567
