"","model","split","auc_train","auc_test"
"1","svm",1,0.992714172630491,0.948914431673052
"2","svm",2,0.991187541396746,1
"3","svm",3,0.991922586064846,1
"4","svm",4,0.991502560540217,1
"5","svm",5,0.989507563566141,1
"6","svm",6,0.988815577727712,1
"7","svm",7,0.991666666666667,1
"8","svm",8,0.992414736164736,0.95159151193634
"9","svm",9,0.994530244530245,0.945623342175066
"10","svm",10,0.990612934362934,1
