"","model","split","auc_train","auc_test"
"1","svm",1,0.889875518672199,0.9
"2","svm",2,0.902406639004149,0.751851851851852
"3","svm",3,0.891793453204242,0.851111111111111
"4","svm",4,0.895269709543569,0.791111111111111
"5","svm",5,0.897289073305671,0.824444444444444
"6","svm",6,0.892623328722914,0.852592592592593
"7","svm",7,0.894034117104657,0.83037037037037
"8","svm",8,0.894181650530198,0.89037037037037
"9","svm",9,0.9022681359045,0.8
"10","svm",10,0.906078971533517,0.786153846153846
