"","model","split","auc_train","auc_test"
"1","svm",1,0.998205868441226,1
"2","svm",2,0.998336350736409,0.998677248677249
"3","svm",3,0.999331278237184,0.977513227513228
"4","svm",4,0.997683939260492,1
"5","svm",5,0.998156937580532,1
"6","svm",6,0.998059075859144,1
"7","svm",7,0.999461760532368,0.981481481481482
"8","svm",8,0.998365478914678,0.997402597402597
"9","svm",9,0.998136645962733,0.992207792207792
"10","svm",10,0.998894344899353,1
